linear_value,run_number,train_losses,train_accs,val_losses,val_accs,val_pplxs,train_steps,val_steps,tokens_seen_train,tokens_seen_val,epoch_train,epoch_val,seed
True,1,"[7.09375, 6.75, 6.3125, 6.125, 5.75, 5.625, 5.59375, 5.5, 5.3125, 5.28125, 5.1875, 5.1875, 5.09375, 5.0, 4.90625, 5.0, 4.90625, 4.90625, 4.875, 4.84375, 4.8125, 4.625, 4.78125, 4.8125, 4.59375, 4.78125, 4.6875, 4.65625, 4.625, 4.5625, 4.59375, 4.53125, 4.40625, 4.65625, 4.53125, 4.5, 4.46875, 4.65625, 4.375, 4.375]","[0.13157159090042114, 0.15729865431785583, 0.18169742822647095, 0.19138003885746002, 0.21119967103004456, 0.21640799939632416, 0.21721197664737701, 0.21969379484653473, 0.2365422248840332, 0.23905900120735168, 0.24723853170871735, 0.24136605858802795, 0.24210011959075928, 0.2536435127258301, 0.26152607798576355, 0.25620096921920776, 0.2606852650642395, 0.259774386882782, 0.26121076941490173, 0.2618764042854309, 0.26696228981018066, 0.2830447852611542, 0.26411178708076477, 0.2626689374446869, 0.2800886929035187, 0.2672789990901947, 0.27776986360549927, 0.27514204382896423, 0.2856178879737854, 0.2843394875526428, 0.28416192531585693, 0.28995028138160706, 0.29951533675193787, 0.274956613779068, 0.2942708432674408, 0.28935185074806213, 0.29734519124031067, 0.27987557649612427, 0.2977069020271301, 0.31080004572868347]","[5.938847064971924, 5.402695178985596, 5.00745964050293, 4.854123592376709, 4.677267551422119, 4.692059516906738, 4.635880470275879, 4.49617862701416, 4.449228763580322, 4.4322428703308105]","[0.2085481733083725, 0.23445314168930054, 0.2565689980983734, 0.2643750011920929, 0.2803319990634918, 0.2792513370513916, 0.28388020396232605, 0.2931966781616211, 0.296562522649765, 0.29773443937301636]","[379.4956970214844, 222.003173828125, 149.52392578125, 128.267822265625, 107.47567749023438, 109.07726287841797, 103.11836242675781, 89.67353820800781, 85.56068420410156, 84.11963653564453]","[10, 20, 30, 40, 60, 70, 80, 90, 110, 120, 130, 140, 160, 170, 180, 190, 210, 220, 230, 240, 260, 270, 280, 290, 310, 320, 330, 340, 360, 370, 380, 390, 410, 420, 430, 440, 460, 470, 480, 490]","[50, 100, 150, 200, 250, 300, 350, 400, 450, 500]","[314688, 600768, 886848, 1258752, 1945344, 2260032, 2546112, 2832192, 3404352, 3690432, 3976512, 4262592, 4834752, 5120192, 5405632, 5691072, 6261952, 6547392, 6832832, 7118272, 7686592, 7970752, 8254912, 8539072, 9107392, 9391552, 9673152, 9954752, 10517952, 10799552, 11081152, 11362752, 11920832, 12197312, 12473792, 12750272, 13303232, 13579712, 13911488, 14326208]","[1516224, 3089664, 4520064, 5947968, 7374016, 8794816, 10208192, 11616192, 12999104, 14685632]","[0, 0, 0, 0, 0, 0, 0, 0, 0, 0, 0, 0, 0, 0, 0, 0, 0, 0, 0, 0, 0, 0, 0, 0, 0, 0, 0, 0, 0, 0, 0, 0, 0, 0, 0, 0, 0, 0, 0, 0]","[0, 0, 0, 0, 0, 0, 0, 0, 0, 0]",8949023
True,2,"[7.1875, 6.84375, 6.34375, 6.0625, 5.8125, 5.6875, 5.5625, 5.5, 5.375, 5.25, 5.15625, 5.15625, 5.09375, 5.0625, 4.96875, 4.9375, 4.9375, 4.90625, 4.90625, 4.78125, 4.8125, 4.75, 4.75, 4.78125, 4.6875, 4.6875, 4.65625, 4.59375, 4.65625, 4.71875, 4.53125, 4.5, 4.59375, 4.65625, 4.65625, 4.59375, 4.59375, 4.4375, 4.53125, 4.53125]","[0.12206375598907471, 0.15324385464191437, 0.18047399818897247, 0.1886884868144989, 0.20511744916439056, 0.21392618119716644, 0.21958892047405243, 0.22486716508865356, 0.23011046648025513, 0.2392687350511551, 0.24384787678718567, 0.24996504187583923, 0.24625979363918304, 0.25105100870132446, 0.2613508999347687, 0.2632777690887451, 0.2588284909725189, 0.26341789960861206, 0.2624719738960266, 0.27189603447914124, 0.2719946503639221, 0.267032653093338, 0.2677364945411682, 0.2683347463607788, 0.2792088985443115, 0.2735782861709595, 0.279083788394928, 0.28771305084228516, 0.27812498807907104, 0.2735085189342499, 0.288849413394928, 0.29517045617103577, 0.28096064925193787, 0.27611401677131653, 0.27705439925193787, 0.28432437777519226, 0.28475838899612427, 0.2995876669883728, 0.2889539897441864, 0.2875434160232544]","[5.8687214851379395, 5.356216907501221, 5.0971150398254395, 4.799406051635742, 4.813124179840088, 4.726149082183838, 4.564525127410889, 4.545562744140625, 4.439211368560791, 4.400198459625244]","[0.20819008350372314, 0.23296232521533966, 0.2482617199420929, 0.267610639333725, 0.2701823115348816, 0.2762565016746521, 0.2857552170753479, 0.28755202889442444, 0.2967317998409271, 0.30149737000465393]","[353.7950134277344, 211.9209747314453, 163.54885864257812, 121.4378890991211, 123.11527252197266, 112.8597640991211, 96.0167007446289, 94.21315002441406, 84.70787048339844, 81.46680450439453]","[10, 20, 30, 40, 60, 70, 80, 90, 110, 120, 130, 140, 160, 170, 180, 190, 210, 220, 230, 240, 260, 270, 280, 290, 310, 320, 330, 340, 360, 370, 380, 390, 410, 420, 430, 440, 460, 470, 480, 490]","[50, 100, 150, 200, 250, 300, 350, 400, 450, 500]","[314688, 600768, 886848, 1172928, 1745088, 2031168, 2317248, 2603328, 3175488, 3461568, 3747648, 4033728, 4605888, 4891328, 5176768, 5462208, 6033088, 6318528, 6603968, 6889408, 7457728, 7741888, 8026048, 8310208, 8878528, 9162688, 9444288, 9725888, 10289088, 10570688, 10852288, 11133888, 11691968, 11968448, 12244928, 12521408, 13074368, 13350848, 13627328, 13959104]","[1430400, 2860800, 4291200, 5719104, 7145152, 8565952, 9979328, 11387328, 12770240, 14318528]","[0, 0, 0, 0, 0, 0, 0, 0, 0, 0, 0, 0, 0, 0, 0, 0, 0, 0, 0, 0, 0, 0, 0, 0, 0, 0, 0, 0, 0, 0, 0, 0, 0, 0, 0, 0, 0, 0, 0, 0]","[0, 0, 0, 0, 0, 0, 0, 0, 0, 0]",8949024
True,3,"[7.15625, 6.78125, 6.28125, 6.15625, 5.78125, 5.6875, 5.5625, 5.5, 5.375, 5.3125, 5.3125, 5.15625, 5.125, 5.0, 5.09375, 4.96875, 4.90625, 4.90625, 4.90625, 4.9375, 4.8125, 4.78125, 4.71875, 4.6875, 4.71875, 4.59375, 4.65625, 4.65625, 4.5625, 4.625, 4.65625, 4.625, 4.5625, 4.4375, 4.5625, 4.46875, 4.59375, 4.46875, 4.65625, 4.34375]","[0.12513981759548187, 0.15887165069580078, 0.19127516448497772, 0.18704558908939362, 0.21025587618350983, 0.2160234898328781, 0.21948406100273132, 0.22259508073329926, 0.22986577451229095, 0.2312290221452713, 0.23615771532058716, 0.2489163875579834, 0.2476230412721634, 0.2563410997390747, 0.250875860452652, 0.2546594738960266, 0.2637332081794739, 0.25826793909072876, 0.2614560127258301, 0.260755330324173, 0.26534348726272583, 0.2707277536392212, 0.26953125, 0.27822354435920715, 0.2696368396282196, 0.2808628976345062, 0.27599430084228516, 0.27645596861839294, 0.291015625, 0.2784801125526428, 0.27684658765792847, 0.27812498807907104, 0.2855902910232544, 0.28964120149612427, 0.28757956624031067, 0.29452401399612427, 0.2869647145271301, 0.29680266976356506, 0.2791883647441864, 0.30287906527519226]","[5.897403717041016, 5.362357139587402, 5.086865425109863, 4.887059211730957, 4.7338032722473145, 4.644477844238281, 4.525025844573975, 4.553842067718506, 4.526218414306641, 4.398698806762695]","[0.20966143906116486, 0.23308590054512024, 0.2493945062160492, 0.26315754652023315, 0.27352216839790344, 0.2803840935230255, 0.288737028837204, 0.2873631715774536, 0.2904296815395355, 0.30239585041999817]","[364.0895690917969, 213.22622680664062, 161.881103515625, 132.562744140625, 113.7269287109375, 104.00873565673828, 92.29804229736328, 94.99641418457031, 92.4081802368164, 81.3447265625]","[10, 20, 30, 40, 60, 70, 80, 90, 110, 120, 130, 140, 160, 170, 180, 190, 210, 220, 230, 240, 260, 270, 280, 290, 310, 320, 330, 340, 360, 370, 380, 390, 410, 420, 430, 440, 460, 470, 480, 490]","[50, 100, 150, 200, 250, 300, 350, 400, 450, 500]","[314688, 600768, 886848, 1172928, 1745088, 2031168, 2317248, 2603328, 3175488, 3461568, 3747648, 4033728, 4605888, 4891328, 5176768, 5462208, 6033088, 6318528, 6603968, 6889408, 7457728, 7741888, 8026048, 8310208, 8878528, 9162688, 9444288, 9725888, 10289088, 10570688, 10852288, 11133888, 11691968, 11968448, 12244928, 12521408, 13074368, 13350848, 13654976, 13986752]","[1430400, 2860800, 4291200, 5719104, 7145152, 8565952, 9979328, 11387328, 12770240, 14318528]","[0, 0, 0, 0, 0, 0, 0, 0, 0, 0, 0, 0, 0, 0, 0, 0, 0, 0, 0, 0, 0, 0, 0, 0, 0, 0, 0, 0, 0, 0, 0, 0, 0, 0, 0, 0, 0, 0, 0, 0]","[0, 0, 0, 0, 0, 0, 0, 0, 0, 0]",8949025
True,4,"[7.21875, 6.75, 6.3125, 6.09375, 5.75, 5.625, 5.59375, 5.59375, 5.34375, 5.28125, 5.28125, 5.1875, 5.09375, 5.09375, 5.03125, 4.96875, 4.90625, 4.9375, 4.90625, 4.90625, 4.75, 4.71875, 4.75, 4.75, 4.78125, 4.65625, 4.65625, 4.65625, 4.46875, 4.5, 4.5625, 4.5625, 4.71875, 4.40625, 4.53125, 4.46875, 4.75, 4.4375, 4.5, 4.53125]","[0.12153942883014679, 0.15729865431785583, 0.18585710227489471, 0.19330257177352905, 0.21252796053886414, 0.21840044856071472, 0.21644295752048492, 0.21633808314800262, 0.23028524219989777, 0.2443722039461136, 0.22913171350955963, 0.24021252989768982, 0.24996504187583923, 0.25007006525993347, 0.24926429986953735, 0.25956419110298157, 0.2600196301937103, 0.25896862149238586, 0.26026487350463867, 0.2585131824016571, 0.2684403359889984, 0.2799127399921417, 0.27065739035606384, 0.2726280987262726, 0.2691441476345062, 0.278434693813324, 0.2783380448818207, 0.2795809507369995, 0.29673293232917786, 0.29282668232917786, 0.2837357819080353, 0.2857954502105713, 0.2684461772441864, 0.29835793375968933, 0.28584346175193787, 0.29021990299224854, 0.27076098322868347, 0.3039279580116272, 0.29311344027519226, 0.2868923544883728]","[5.845959663391113, 5.428520202636719, 5.1229567527771, 4.940301418304443, 4.709832191467285, 4.61992073059082, 4.5974955558776855, 4.527914047241211, 4.484264373779297, 4.439016342163086]","[0.2095898687839508, 0.2294725775718689, 0.2497786581516266, 0.26152342557907104, 0.2768099904060364, 0.28161466121673584, 0.2838476896286011, 0.2896744906902313, 0.2914908826351166, 0.2933398187160492]","[345.8329772949219, 227.8110809326172, 167.830322265625, 139.8119354248047, 111.03318786621094, 101.48568725585938, 99.23518371582031, 92.56500244140625, 88.61148834228516, 84.69135284423828]","[10, 20, 30, 40, 60, 70, 80, 90, 110, 120, 130, 140, 160, 170, 180, 190, 210, 220, 230, 240, 260, 270, 280, 290, 310, 320, 330, 340, 360, 370, 380, 390, 410, 420, 430, 440, 460, 470, 480, 490]","[50, 100, 150, 200, 250, 300, 350, 400, 450, 500]","[314688, 600768, 886848, 1172928, 1830912, 2116992, 2403072, 2689152, 3347136, 3633216, 3919296, 4205376, 4777536, 5062976, 5348416, 5633856, 6204736, 6490176, 6775616, 7061056, 7629376, 7913536, 8197696, 8481856, 9050176, 9334336, 9615936, 9897536, 10460736, 10742336, 11023936, 11305536, 11863616, 12140096, 12416576, 12693056, 13246016, 13522496, 13798976, 14075456]","[1487616, 3003840, 4462848, 5890752, 7316800, 8737600, 10150976, 11558976, 12941888, 14351936]","[0, 0, 0, 0, 0, 0, 0, 0, 0, 0, 0, 0, 0, 0, 0, 0, 0, 0, 0, 0, 0, 0, 0, 0, 0, 0, 0, 0, 0, 0, 0, 0, 0, 0, 0, 0, 0, 0, 0, 0]","[0, 0, 0, 0, 0, 0, 0, 0, 0, 0]",8949026
True,5,"[7.28125, 6.875, 6.3125, 5.90625, 5.8125, 5.4375, 5.375, 5.25, 5.125, 5.0625, 5.125, 5.03125, 4.96875, 4.96875, 5.03125, 4.875, 4.84375, 4.875, 4.8125, 4.78125, 4.75, 4.65625, 4.75, 4.625, 4.65625, 4.625, 4.59375, 4.5, 4.5625, 4.5625, 4.46875, 4.5625, 4.5625, 4.5625, 4.4375, 4.5625, 4.46875, 4.34375, 4.3125, 4.375]","[0.11741471290588379, 0.14957354962825775, 0.17960011959075928, 0.2039988785982132, 0.19263842701911926, 0.22095218300819397, 0.2198336124420166, 0.23367589712142944, 0.23940855264663696, 0.25, 0.24189038574695587, 0.24797259271144867, 0.2587737739086151, 0.25627103447914124, 0.24947451055049896, 0.2549397647380829, 0.26121076941490173, 0.25966930389404297, 0.26005467772483826, 0.26797226071357727, 0.27407094836235046, 0.2760416865348816, 0.2722409963607788, 0.27741414308547974, 0.27846989035606384, 0.278434693813324, 0.28277698159217834, 0.28742897510528564, 0.2786576747894287, 0.28075283765792847, 0.29534798860549927, 0.28512072563171387, 0.28454136848449707, 0.28410735726356506, 0.29083478450775146, 0.28284144401550293, 0.29083478450775146, 0.30682146549224854, 0.305230051279068, 0.29712817072868347]","[5.6696248054504395, 5.182724475860596, 4.981983184814453, 4.826088905334473, 4.656449794769287, 4.633355140686035, 4.593039512634277, 4.4498748779296875, 4.432979106903076, 4.394302845001221]","[0.21941401064395905, 0.23700515925884247, 0.2529492974281311, 0.26511067152023315, 0.2800976037979126, 0.2810221314430237, 0.28250011801719666, 0.2940494418144226, 0.2993164658546448, 0.2982291877269745]","[289.9246826171875, 178.16696166992188, 145.7626953125, 124.72181701660156, 105.26139831542969, 102.85828399658203, 98.7939682006836, 85.61598205566406, 84.18158721923828, 80.98792266845703]","[10, 20, 30, 40, 60, 70, 80, 90, 110, 120, 130, 140, 160, 170, 180, 190, 210, 220, 230, 240, 260, 270, 280, 290, 310, 320, 330, 340, 360, 370, 380, 390, 410, 420, 430, 440, 460, 470, 480, 490]","[50, 100, 150, 200, 250, 300, 350, 400, 450, 500]","[314688, 801024, 2002560, 3061056, 4977792, 6665664, 7781376, 8696832, 9841152, 10213056, 10584960, 10871040, 11443200, 11728640, 12014080, 12299520, 12870400, 13155840, 13441280, 13726720, 14295040, 14579200, 14863360, 15147520, 15715840, 16000000, 16281600, 16563200, 17126400, 17408000, 17689600, 17971200, 18529280, 18805760, 19082240, 19358720, 19911680, 20188160, 20464640, 20824064]","[4119552, 9240384, 11128512, 12556416, 13982464, 15403264, 16816640, 18224640, 19607552, 21211136]","[0, 0, 0, 0, 0, 0, 0, 0, 0, 0, 0, 0, 0, 0, 0, 0, 0, 0, 0, 0, 0, 0, 0, 0, 0, 0, 0, 0, 0, 0, 0, 0, 0, 0, 0, 0, 0, 0, 0, 0]","[0, 0, 0, 0, 0, 0, 0, 0, 0, 0]",8949027
True,6,"[7.125, 6.78125, 6.4375, 6.125, 5.78125, 5.5625, 5.40625, 5.375, 5.25, 5.15625, 5.09375, 5.09375, 5.0625, 4.96875, 4.875, 4.84375, 4.8125, 4.875, 4.9375, 4.78125, 4.78125, 4.78125, 4.71875, 4.59375, 4.6875, 4.625, 4.6875, 4.5, 4.59375, 4.65625, 4.5, 4.5625, 4.4375, 4.46875, 4.5, 4.46875, 4.5625, 4.625, 4.46875, 4.4375]","[0.12157438695430756, 0.15268456935882568, 0.17397232353687286, 0.1915198564529419, 0.21196867525577545, 0.21857522428035736, 0.22388842701911926, 0.22832773625850677, 0.237206369638443, 0.24384787678718567, 0.2467491626739502, 0.24961549043655396, 0.2508738934993744, 0.25203195214271545, 0.2630325257778168, 0.2658352255821228, 0.2658352255821228, 0.2611757516860962, 0.2552200257778168, 0.2672015130519867, 0.2700239419937134, 0.2699183523654938, 0.2683347463607788, 0.28413569927215576, 0.27027028799057007, 0.28248170018196106, 0.2753196060657501, 0.2957386374473572, 0.28270596265792847, 0.28064629435539246, 0.29559656977653503, 0.2813210189342499, 0.2943793535232544, 0.29296875, 0.29072627425193787, 0.2830946147441864, 0.28085213899612427, 0.27557146549224854, 0.2918475270271301, 0.2937282919883728]","[5.8155741691589355, 5.3461151123046875, 4.957492351531982, 4.8245697021484375, 4.691106796264648, 4.659369945526123, 4.5597381591796875, 4.491184234619141, 4.475752830505371, 4.317030906677246]","[0.2134830504655838, 0.23098303377628326, 0.2595182955265045, 0.26848304271698, 0.27462896704673767, 0.2782227694988251, 0.2866732180118561, 0.2901236414909363, 0.2948762774467468, 0.3120962977409363]","[335.4826965332031, 209.7909698486328, 142.23622131347656, 124.53248596191406, 108.97339630126953, 105.56922912597656, 95.55817413330078, 89.22679138183594, 87.86046600341797, 74.96550750732422]","[10, 20, 30, 40, 60, 70, 80, 90, 110, 120, 130, 140, 160, 170, 180, 190, 210, 220, 230, 240, 260, 270, 280, 290, 310, 320, 330, 340, 360, 370, 380, 390, 410, 420, 430, 440, 460, 470, 480, 490]","[50, 100, 150, 200, 250, 300, 350, 400, 450, 500]","[314688, 600768, 944064, 1373184, 2403072, 3204096, 3804864, 4319808, 5349696, 5750208, 6036288, 6322368, 6894528, 7179968, 7465408, 7750848, 8321728, 8607168, 8892608, 9178048, 9746368, 10030528, 10314688, 10598848, 11167168, 11451328, 11732928, 12014528, 12577728, 12859328, 13140928, 13422528, 13980608, 14257088, 14533568, 14810048, 15363008, 15639488, 15915968, 16275392]","[1916736, 4748928, 6579840, 8007744, 9433792, 10854592, 12267968, 13675968, 15058880, 16634816]","[0, 0, 0, 0, 0, 0, 0, 0, 0, 0, 0, 0, 0, 0, 0, 0, 0, 0, 0, 0, 0, 0, 0, 0, 0, 0, 0, 0, 0, 0, 0, 0, 0, 0, 0, 0, 0, 0, 0, 0]","[0, 0, 0, 0, 0, 0, 0, 0, 0, 0]",8949028
True,7,"[7.21875, 6.75, 6.375, 6.125, 5.75, 5.75, 5.59375, 5.5625, 5.40625, 5.34375, 5.3125, 5.15625, 5.125, 5.125, 5.0625, 5.0, 4.96875, 4.96875, 4.90625, 4.78125, 4.78125, 4.75, 4.625, 4.75, 4.75, 4.6875, 4.71875, 4.65625, 4.65625, 4.65625, 4.53125, 4.59375, 4.59375, 4.53125, 4.46875, 4.625, 4.53125, 4.46875, 4.5625, 4.46875]","[0.11563199013471603, 0.16149328649044037, 0.18092840909957886, 0.1888982057571411, 0.20847316086292267, 0.205956369638443, 0.21840044856071472, 0.2266848385334015, 0.22864234447479248, 0.23182326555252075, 0.23185822367668152, 0.24629473686218262, 0.24996504187583923, 0.25052550435066223, 0.24667181074619293, 0.2510860562324524, 0.2545543909072876, 0.2576373517513275, 0.2654148042201996, 0.26807737350463867, 0.26924973726272583, 0.2687922418117523, 0.2794552445411682, 0.270938903093338, 0.2701295018196106, 0.27656954526901245, 0.2774147689342499, 0.2751065194606781, 0.28295454382896423, 0.28125, 0.2862926125526428, 0.281143456697464, 0.2838541567325592, 0.2922092080116272, 0.2930772602558136, 0.27813947200775146, 0.28956887125968933, 0.2803819477558136, 0.2852647602558136, 0.29853877425193787]","[5.875411510467529, 5.359196662902832, 5.05157995223999, 4.858281135559082, 4.759360313415527, 4.666512489318848, 4.625485897064209, 4.604894161224365, 4.562214374542236, 4.458049774169922]","[0.20777340233325958, 0.23598308861255646, 0.25305333733558655, 0.268424391746521, 0.2736718952655792, 0.28154298663139343, 0.28526678681373596, 0.2840104401111603, 0.286959707736969, 0.29420581459999084]","[356.16986083984375, 212.5533905029297, 156.26866149902344, 128.80221557617188, 116.67091369628906, 106.32595825195312, 102.05204010009766, 99.97210693359375, 95.79508972167969, 86.31875610351562]","[10, 20, 30, 40, 60, 70, 80, 90, 110, 120, 130, 140, 160, 170, 180, 190, 210, 220, 230, 240, 260, 270, 280, 290, 310, 320, 330, 340, 360, 370, 380, 390, 410, 420, 430, 440, 460, 470, 480, 490]","[50, 100, 150, 200, 250, 300, 350, 400, 450, 500]","[314688, 600768, 886848, 1172928, 1745088, 2031168, 2317248, 2603328, 3175488, 3461568, 3747648, 4033728, 4605888, 4891328, 5176768, 5462208, 6033088, 6318528, 6603968, 6889408, 7457728, 7741888, 8026048, 8310208, 8878528, 9162688, 9444288, 9725888, 10289088, 10570688, 10852288, 11133888, 11691968, 11968448, 12244928, 12521408, 13074368, 13350848, 13627328, 13903808]","[1430400, 2860800, 4291200, 5719104, 7145152, 8565952, 9979328, 11387328, 12770240, 14152640]","[0, 0, 0, 0, 0, 0, 0, 0, 0, 0, 0, 0, 0, 0, 0, 0, 0, 0, 0, 0, 0, 0, 0, 0, 0, 0, 0, 0, 0, 0, 0, 0, 0, 0, 0, 0, 0, 0, 0, 0]","[0, 0, 0, 0, 0, 0, 0, 0, 0, 0]",8949029
True,8,"[7.15625, 6.75, 6.28125, 6.125, 5.84375, 5.6875, 5.625, 5.53125, 5.375, 5.25, 5.25, 5.15625, 5.09375, 5.0625, 5.0, 5.0, 4.90625, 5.0, 4.9375, 4.78125, 4.78125, 4.78125, 4.71875, 4.8125, 4.65625, 4.6875, 4.71875, 4.625, 4.75, 4.625, 4.5625, 4.59375, 4.5, 4.4375, 4.5625, 4.46875, 4.5, 4.46875, 4.375, 4.3125]","[0.13555648922920227, 0.1596057116985321, 0.18812920153141022, 0.19099552929401398, 0.20791387557983398, 0.21403104066848755, 0.21616330742835999, 0.2179809808731079, 0.23063479363918304, 0.24363814294338226, 0.24028244614601135, 0.24748322367668152, 0.24730844795703888, 0.252942830324173, 0.2588985562324524, 0.25343331694602966, 0.2573220431804657, 0.25518497824668884, 0.2550448477268219, 0.273332417011261, 0.2681939899921417, 0.26650479435920715, 0.2717835009098053, 0.2721002399921417, 0.27642878890037537, 0.2732967436313629, 0.2722301185131073, 0.27979403734207153, 0.26782670617103577, 0.28529828786849976, 0.28973719477653503, 0.2776988446712494, 0.28490307927131653, 0.2947772145271301, 0.28334781527519226, 0.30027487874031067, 0.29387298226356506, 0.29304108023643494, 0.3008897602558136, 0.3128255307674408]","[5.857313632965088, 5.35898494720459, 5.017938613891602, 4.840391635894775, 4.740785598754883, 4.70593786239624, 4.612685680389404, 4.6187896728515625, 4.516082763671875, 4.418637752532959]","[0.20770828425884247, 0.2398763746023178, 0.2553776502609253, 0.26616543531417847, 0.2721158564090729, 0.27524736523628235, 0.27825528383255005, 0.2840820550918579, 0.2927343249320984, 0.2993684709072113]","[349.78192138671875, 212.50839233398438, 151.09901428222656, 126.51849365234375, 114.52378845214844, 110.60163116455078, 100.75408172607422, 101.37096405029297, 91.4762954711914, 82.98292541503906]","[10, 20, 30, 40, 60, 70, 80, 90, 110, 120, 130, 140, 160, 170, 180, 190, 210, 220, 230, 240, 260, 270, 280, 290, 310, 320, 330, 340, 360, 370, 380, 390, 410, 420, 430, 440, 460, 470, 480, 490]","[50, 100, 150, 200, 250, 300, 350, 400, 450, 500]","[314688, 600768, 886848, 1172928, 1745088, 2031168, 2317248, 2603328, 3175488, 3461568, 3747648, 4033728, 4605888, 4891328, 5176768, 5462208, 6033088, 6318528, 6603968, 6889408, 7457728, 7741888, 8026048, 8310208, 8878528, 9162688, 9444288, 9725888, 10289088, 10570688, 10852288, 11133888, 11691968, 11968448, 12244928, 12521408, 13074368, 13350848, 13627328, 13903808]","[1430400, 2860800, 4291200, 5719104, 7145152, 8565952, 9979328, 11387328, 12770240, 14263232]","[0, 0, 0, 0, 0, 0, 0, 0, 0, 0, 0, 0, 0, 0, 0, 0, 0, 0, 0, 0, 0, 0, 0, 0, 0, 0, 0, 0, 0, 0, 0, 0, 0, 0, 0, 0, 0, 0, 0, 0]","[0, 0, 0, 0, 0, 0, 0, 0, 0, 0]",8949030
True,9,"[7.15625, 6.78125, 6.375, 6.0625, 5.78125, 5.6875, 5.59375, 5.4375, 5.40625, 5.3125, 5.28125, 5.21875, 5.0625, 4.96875, 5.0, 5.0, 4.90625, 4.875, 4.90625, 4.8125, 4.65625, 4.78125, 4.78125, 4.6875, 4.75, 4.625, 4.8125, 4.71875, 4.59375, 4.65625, 4.53125, 4.71875, 4.46875, 4.59375, 4.53125, 4.3125, 4.59375, 4.40625, 4.46875, 4.46875]","[0.1355215311050415, 0.15597036480903625, 0.18057885766029358, 0.19952461123466492, 0.2127726525068283, 0.21507969498634338, 0.2158137559890747, 0.22430787980556488, 0.22909675538539886, 0.23678691685199738, 0.2353537529706955, 0.24325363337993622, 0.2505592703819275, 0.25262752175331116, 0.2527676820755005, 0.259774386882782, 0.25973936915397644, 0.26240190863609314, 0.2600196301937103, 0.27252665162086487, 0.28198903799057007, 0.2697775959968567, 0.26731419563293457, 0.2757953405380249, 0.2699887454509735, 0.282164990901947, 0.27049005031585693, 0.2743607759475708, 0.2844815254211426, 0.2778053879737854, 0.28902697563171387, 0.27375710010528564, 0.29738137125968933, 0.28562644124031067, 0.29148581624031067, 0.3133680522441864, 0.28294995427131653, 0.29626011848449707, 0.29141348600387573, 0.2898220419883728]","[5.862350940704346, 5.30867862701416, 5.082217216491699, 4.8500542640686035, 4.6706862449646, 4.700085163116455, 4.619100093841553, 4.498589992523193, 4.506275177001953, 4.39898681640625]","[0.21354176104068756, 0.2396419495344162, 0.25146484375, 0.2638281285762787, 0.2796745002269745, 0.2770833671092987, 0.28507158160209656, 0.2929167151451111, 0.29365891218185425, 0.30202481150627136]","[351.5483093261719, 202.08233642578125, 161.13040161132812, 127.7469253540039, 106.77066802978516, 109.95620727539062, 101.40243530273438, 89.8900375366211, 90.5835189819336, 81.36815643310547]","[10, 20, 30, 40, 60, 70, 80, 90, 110, 120, 130, 140, 160, 170, 180, 190, 210, 220, 230, 240, 260, 270, 280, 290, 310, 320, 330, 340, 360, 370, 380, 390, 410, 420, 430, 440, 460, 470, 480, 490]","[50, 100, 150, 200, 250, 300, 350, 400, 450, 500]","[314688, 600768, 886848, 1172928, 1745088, 2031168, 2317248, 2603328, 3175488, 3461568, 3747648, 4033728, 4605888, 4891328, 5176768, 5462208, 6033088, 6318528, 6603968, 6889408, 7457728, 7741888, 8026048, 8310208, 8878528, 9162688, 9444288, 9725888, 10289088, 10570688, 10852288, 11133888, 11691968, 11968448, 12244928, 12521408, 13074368, 13350848, 13627328, 13959104]","[1430400, 2860800, 4291200, 5719104, 7145152, 8565952, 9979328, 11387328, 12770240, 14346176]","[0, 0, 0, 0, 0, 0, 0, 0, 0, 0, 0, 0, 0, 0, 0, 0, 0, 0, 0, 0, 0, 0, 0, 0, 0, 0, 0, 0, 0, 0, 0, 0, 0, 0, 0, 0, 0, 0, 0, 0]","[0, 0, 0, 0, 0, 0, 0, 0, 0, 0]",8949031
True,10,"[7.25, 6.71875, 6.25, 5.9375, 5.65625, 5.59375, 5.46875, 5.4375, 5.34375, 5.21875, 5.15625, 5.125, 5.0625, 5.0, 4.9375, 4.96875, 4.84375, 4.84375, 4.84375, 4.75, 4.8125, 4.78125, 4.78125, 4.65625, 4.6875, 4.625, 4.71875, 4.5, 4.65625, 4.65625, 4.59375, 4.5, 4.5625, 4.625, 4.5625, 4.4375, 4.59375, 4.4375, 4.40625, 4.34375]","[0.12950922548770905, 0.16215744614601135, 0.18736018240451813, 0.1992100179195404, 0.21319212019443512, 0.21486996114253998, 0.22521671652793884, 0.22021812200546265, 0.23150867223739624, 0.24210011959075928, 0.2460850179195404, 0.24286912381649017, 0.24888142943382263, 0.2575322389602661, 0.2610706388950348, 0.2579176127910614, 0.2688130736351013, 0.2661154866218567, 0.2654498517513275, 0.2710902690887451, 0.26731419563293457, 0.26960164308547974, 0.2696720361709595, 0.27906814217567444, 0.2760768532752991, 0.2716427445411682, 0.27002841234207153, 0.2848721444606781, 0.27386361360549927, 0.2802911698818207, 0.2820667624473572, 0.2939630448818207, 0.27520978450775146, 0.27846500277519226, 0.28880932927131653, 0.2879412770271301, 0.28551793098449707, 0.296440988779068, 0.3058810830116272, 0.30345776677131653]","[5.692963600158691, 5.316938877105713, 4.99119758605957, 4.835020542144775, 4.674496173858643, 4.596105098724365, 4.574995994567871, 4.4922871589660645, 4.557729244232178, 4.435605525970459]","[0.21714845299720764, 0.23333339393138885, 0.2560611963272095, 0.2663867473602295, 0.27966800332069397, 0.28077471256256104, 0.28353506326675415, 0.2890755534172058, 0.2878580689430237, 0.29739585518836975]","[296.770751953125, 203.7584991455078, 147.11203002929688, 125.84077453613281, 107.17823028564453, 99.0972900390625, 97.0273666381836, 89.32525634765625, 95.36640167236328, 84.4029769897461]","[10, 20, 30, 40, 60, 70, 80, 90, 110, 120, 130, 140, 160, 170, 180, 190, 210, 220, 230, 240, 260, 270, 280, 290, 310, 320, 330, 340, 360, 370, 380, 390, 410, 420, 430, 440, 460, 470, 480, 490]","[50, 100, 150, 200, 250, 300, 350, 400, 450, 500]","[314688, 657984, 1287360, 1916736, 2975232, 3404352, 3690432, 3976512, 4548672, 4834752, 5120832, 5406912, 5979072, 6264512, 6549952, 6835392, 7406272, 7691712, 7977152, 8262592, 8830912, 9115072, 9399232, 9683392, 10251712, 10535872, 10817472, 11099072, 11662272, 11943872, 12225472, 12507072, 13065152, 13341632, 13618112, 13894592, 14447552, 14724032, 15000512, 15276992]","[2517504, 4233984, 5664384, 7092288, 8518336, 9939136, 11352512, 12760512, 14143424, 15581120]","[0, 0, 0, 0, 0, 0, 0, 0, 0, 0, 0, 0, 0, 0, 0, 0, 0, 0, 0, 0, 0, 0, 0, 0, 0, 0, 0, 0, 0, 0, 0, 0, 0, 0, 0, 0, 0, 0, 0, 0]","[0, 0, 0, 0, 0, 0, 0, 0, 0, 0]",8949032
False,1,"[6.625, 6.1875, 5.9375, 5.6875, 5.59375, 5.46875, 5.4375, 5.375, 5.25, 5.125, 5.15625, 5.09375, 5.09375, 5.0, 4.9375, 4.875, 4.84375, 4.78125, 4.78125, 4.75, 4.71875, 4.71875, 4.6875, 4.6875, 4.5625, 4.6875, 4.71875, 4.53125, 4.46875, 4.5625, 4.53125, 4.40625, 4.40625, 4.4375, 4.46875, 4.40625, 4.3125, 4.40625, 4.34375, 4.375]","[0.17484620213508606, 0.1875, 0.19847595691680908, 0.2201482057571411, 0.22119687497615814, 0.22462248802185059, 0.2274188995361328, 0.22857242822647095, 0.23727628588676453, 0.24839206039905548, 0.24335850775241852, 0.2517127990722656, 0.2497902661561966, 0.2534683346748352, 0.26299747824668884, 0.2642236649990082, 0.26657092571258545, 0.2617713212966919, 0.27073991298675537, 0.26961883902549744, 0.2684755027294159, 0.2749859392642975, 0.2735430896282196, 0.27301520109176636, 0.2872677445411682, 0.2769918441772461, 0.273224413394928, 0.29041191935539246, 0.29293322563171387, 0.28025567531585693, 0.28852981328964233, 0.30028408765792847, 0.29998552799224854, 0.29853877425193787, 0.2848307192325592, 0.2996961772441864, 0.3111979067325592, 0.28920719027519226, 0.3050130307674408, 0.30085358023643494]","[5.719506740570068, 5.314857006072998, 4.89484977722168, 4.768590450286865, 4.603269577026367, 4.60724401473999, 4.549312591552734, 4.416890621185303, 4.365693092346191, 4.313819885253906]","[0.21652990579605103, 0.23970049619674683, 0.26440760493278503, 0.2733527719974518, 0.28623050451278687, 0.28598299622535706, 0.2901042103767395, 0.30130863189697266, 0.3036196827888489, 0.3093815743923187]","[304.7534484863281, 203.33474731445312, 133.59951782226562, 117.7527847290039, 99.80982208251953, 100.20730590820312, 94.56710052490234, 82.83807373046875, 78.70370483398438, 74.72518157958984]","[10, 20, 30, 40, 60, 70, 80, 90, 110, 120, 130, 140, 160, 170, 180, 190, 210, 220, 230, 240, 260, 270, 280, 290, 310, 320, 330, 340, 360, 370, 380, 390, 410, 420, 430, 440, 460, 470, 480, 490]","[50, 100, 150, 200, 250, 300, 350, 400, 450, 500]","[314688, 600768, 886848, 1172928, 1745088, 2031168, 2317248, 2603328, 3175488, 3461568, 3747648, 4033728, 4605888, 4891328, 5176768, 5462208, 6033088, 6318528, 6603968, 6889408, 7457728, 7741888, 8026048, 8310208, 8878528, 9162688, 9444288, 9725888, 10289088, 10570688, 10852288, 11133888, 11691968, 11968448, 12244928, 12521408, 13074368, 13350848, 13737920, 14152640]","[1430400, 2860800, 4291200, 5719104, 7145152, 8565952, 9979328, 11387328, 12770240, 14595008]","[0, 0, 0, 0, 0, 0, 0, 0, 0, 0, 0, 0, 0, 0, 0, 0, 0, 0, 0, 0, 0, 0, 0, 0, 0, 0, 0, 0, 0, 0, 0, 0, 0, 0, 0, 0, 0, 0, 0, 0]","[0, 0, 0, 0, 0, 0, 0, 0, 0, 0]",8949023
False,2,"[6.65625, 6.21875, 5.96875, 5.8125, 5.625, 5.5625, 5.4375, 5.375, 5.25, 5.15625, 5.0625, 5.0625, 5.0, 4.96875, 4.875, 4.84375, 4.84375, 4.8125, 4.8125, 4.6875, 4.71875, 4.65625, 4.65625, 4.6875, 4.5625, 4.59375, 4.5625, 4.46875, 4.53125, 4.625, 4.4375, 4.40625, 4.46875, 4.5625, 4.5625, 4.5, 4.5, 4.46875, 4.1875, 4.28125]","[0.17477628588676453, 0.18557746708393097, 0.20078299939632416, 0.20350950956344604, 0.2136465311050415, 0.22098714113235474, 0.22692953050136566, 0.2310193032026291, 0.23856963217258453, 0.24528104066848755, 0.25136324763298035, 0.25709593296051025, 0.2523769438266754, 0.2566213607788086, 0.2679021954536438, 0.27112528681755066, 0.2650644779205322, 0.27119535207748413, 0.2654148042201996, 0.2780969738960266, 0.274845153093338, 0.2742469012737274, 0.27076295018196106, 0.27431729435920715, 0.28663429617881775, 0.28223535418510437, 0.2873934507369995, 0.2955610752105713, 0.2857244312763214, 0.2809658944606781, 0.29943180084228516, 0.3035511374473572, 0.2885199785232544, 0.28143084049224854, 0.28566262125968933, 0.29217302799224854, 0.29148581624031067, 0.29553675651550293, 0.31828704476356506, 0.30982348322868347]","[5.648622035980225, 5.246865749359131, 4.998445510864258, 4.700721263885498, 4.7206711769104, 4.634805679321289, 4.462779998779297, 4.452198028564453, 4.334775924682617, 4.2665815353393555]","[0.2220637947320938, 0.23891936242580414, 0.2555728852748871, 0.2762306034564972, 0.2764844000339508, 0.2837434709072113, 0.29384762048721313, 0.29641932249069214, 0.30298176407814026, 0.31236985325813293]","[283.8989562988281, 189.96926879882812, 148.18215942382812, 110.02616882324219, 112.24322509765625, 103.0075912475586, 86.72802734375, 85.81511688232422, 76.30764770507812, 71.27735900878906]","[10, 20, 30, 40, 60, 70, 80, 90, 110, 120, 130, 140, 160, 170, 180, 190, 210, 220, 230, 240, 260, 270, 280, 290, 310, 320, 330, 340, 360, 370, 380, 390, 410, 420, 430, 440, 460, 470, 480, 490]","[50, 100, 150, 200, 250, 300, 350, 400, 450, 500]","[314688, 600768, 886848, 1172928, 1745088, 2031168, 2317248, 2603328, 3175488, 3461568, 3747648, 4033728, 4605888, 4891328, 5176768, 5462208, 6033088, 6318528, 6603968, 6889408, 7457728, 7741888, 8026048, 8310208, 8878528, 9162688, 9444288, 9725888, 10289088, 10570688, 10852288, 11133888, 11691968, 11968448, 12244928, 12521408, 13074368, 13378496, 13820864, 14207936]","[1430400, 2860800, 4291200, 5719104, 7145152, 8565952, 9979328, 11387328, 12770240, 14677952]","[0, 0, 0, 0, 0, 0, 0, 0, 0, 0, 0, 0, 0, 0, 0, 0, 0, 0, 0, 0, 0, 0, 0, 0, 0, 0, 0, 0, 0, 0, 0, 0, 0, 0, 0, 0, 0, 0, 0, 0]","[0, 0, 0, 0, 0, 0, 0, 0, 0, 0]",8949024
False,3,"[6.59375, 6.1875, 5.90625, 5.84375, 5.625, 5.53125, 5.4375, 5.375, 5.25, 5.21875, 5.21875, 5.0625, 5.03125, 4.90625, 5.0, 4.90625, 4.8125, 4.84375, 4.8125, 4.84375, 4.75, 4.6875, 4.625, 4.59375, 4.625, 4.5, 4.5625, 4.5625, 4.4375, 4.5625, 4.5625, 4.5625, 4.46875, 4.34375, 4.46875, 4.375, 4.4375, 4.21875, 4.375, 4.15625]","[0.17655900120735168, 0.18725530803203583, 0.21025587618350983, 0.2070399969816208, 0.21742169559001923, 0.2267897129058838, 0.2272091805934906, 0.2291666716337204, 0.23636744916439056, 0.23888422548770905, 0.2401076704263687, 0.2529362440109253, 0.25188758969306946, 0.262577086687088, 0.2548346519470215, 0.2588284909725189, 0.2692685127258301, 0.2663957476615906, 0.26835763454437256, 0.26944369077682495, 0.2698479890823364, 0.27871623635292053, 0.2749507427215576, 0.2872677445411682, 0.2801590859889984, 0.28899213671684265, 0.2841974198818207, 0.28185367584228516, 0.29719460010528564, 0.2857244312763214, 0.283203125, 0.28668323159217834, 0.29343894124031067, 0.2985025942325592, 0.292534738779068, 0.3040364682674408, 0.30038338899612427, 0.31485098600387573, 0.30689379572868347, 0.31582754850387573]","[5.671483039855957, 5.25566291809082, 4.987833023071289, 4.789613246917725, 4.638797760009766, 4.565563201904297, 4.434747219085693, 4.471757411956787, 4.441295146942139, 4.246650695800781]","[0.22304031252861023, 0.2423372119665146, 0.25576820969581604, 0.27070313692092896, 0.2832486629486084, 0.2889452576637268, 0.2972657084465027, 0.29458335041999817, 0.2989844083786011, 0.3153644800186157]","[290.46392822265625, 191.64784240722656, 146.61788940429688, 120.25447845458984, 103.41962432861328, 96.1164321899414, 84.33056640625, 87.51012420654297, 84.88456726074219, 69.87081146240234]","[10, 20, 30, 40, 60, 70, 80, 90, 110, 120, 130, 140, 160, 170, 180, 190, 210, 220, 230, 240, 260, 270, 280, 290, 310, 320, 330, 340, 360, 370, 380, 390, 410, 420, 430, 440, 460, 470, 480, 490]","[50, 100, 150, 200, 250, 300, 350, 400, 450, 500]","[314688, 600768, 886848, 1172928, 1745088, 2031168, 2317248, 2603328, 3175488, 3461568, 3747648, 4033728, 4605888, 4891328, 5176768, 5462208, 6033088, 6318528, 6603968, 6889408, 7457728, 7741888, 8026048, 8310208, 8878528, 9162688, 9444288, 9725888, 10289088, 10570688, 10852288, 11133888, 11691968, 11968448, 12244928, 12521408, 13102016, 13599680, 14124992, 14705600]","[1430400, 2860800, 4291200, 5719104, 7145152, 8565952, 9979328, 11387328, 12770240, 15203264]","[0, 0, 0, 0, 0, 0, 0, 0, 0, 0, 0, 0, 0, 0, 0, 0, 0, 0, 0, 0, 0, 0, 0, 0, 0, 0, 0, 0, 0, 0, 0, 0, 0, 0, 0, 0, 0, 0, 0, 0]","[0, 0, 0, 0, 0, 0, 0, 0, 0, 0]",8949025
False,4,"[6.6875, 6.15625, 5.96875, 5.84375, 5.6875, 5.53125, 5.46875, 5.3125, 5.1875, 5.15625, 5.09375, 5.09375, 4.9375, 4.96875, 4.90625, 4.875, 4.75, 4.78125, 4.75, 4.75, 4.71875, 4.59375, 4.59375, 4.75, 4.625, 4.5625, 4.53125, 4.40625, 4.625, 4.5625, 4.5, 4.4375, 4.59375, 4.4375, 4.40625, 4.3125, 4.34375, 4.4375, 4.4375, 4.4375]","[0.1742519587278366, 0.19036632776260376, 0.2034395933151245, 0.20742449164390564, 0.2143106907606125, 0.22399328649044037, 0.22892197966575623, 0.23912891745567322, 0.24605005979537964, 0.2469588965177536, 0.25234201550483704, 0.2532508373260498, 0.25678130984306335, 0.25935399532318115, 0.26271721720695496, 0.2637332081794739, 0.27655550837516785, 0.26993414759635925, 0.26706138253211975, 0.2679021954536438, 0.2728392481803894, 0.2867046892642975, 0.28367820382118225, 0.2743876874446869, 0.28012388944625854, 0.2889569401741028, 0.28540483117103577, 0.29833096265792847, 0.2796874940395355, 0.2879261374473572, 0.288849413394928, 0.296661913394928, 0.28674769401550293, 0.30280670523643494, 0.2979600727558136, 0.30483219027519226, 0.3018663227558136, 0.3004557192325592, 0.29900896549224854, 0.2991536557674408]","[5.639212131500244, 5.270157814025879, 5.020691871643066, 4.840303897857666, 4.611825942993164, 4.52534294128418, 4.496516227722168, 4.408985614776611, 4.392368793487549, 4.281454563140869]","[0.2182747721672058, 0.2383919507265091, 0.2580859661102295, 0.2674283981323242, 0.28681641817092896, 0.28902360796928406, 0.2917383313179016, 0.3003775179386139, 0.298561155796051, 0.3088541328907013]","[281.2400207519531, 194.44598388671875, 151.51560974121094, 126.50740051269531, 100.66749572753906, 92.32730865478516, 89.70381927490234, 82.18582153320312, 80.83143615722656, 72.34539794921875]","[10, 20, 30, 40, 60, 70, 80, 90, 110, 120, 130, 140, 160, 170, 180, 190, 210, 220, 230, 240, 260, 270, 280, 290, 310, 320, 330, 340, 360, 370, 380, 390, 410, 420, 430, 440, 460, 470, 480, 490]","[50, 100, 150, 200, 250, 300, 350, 400, 450, 500]","[314688, 600768, 886848, 1172928, 1745088, 2031168, 2317248, 2603328, 3175488, 3461568, 3747648, 4033728, 4605888, 4891328, 5176768, 5462208, 6033088, 6318528, 6603968, 6889408, 7457728, 7741888, 8026048, 8310208, 8878528, 9162688, 9444288, 9725888, 10289088, 10570688, 10852288, 11133888, 11691968, 11968448, 12244928, 12521408, 13102016, 13489088, 13903808, 14373824]","[1430400, 2860800, 4291200, 5719104, 7145152, 8565952, 9979328, 11387328, 12770240, 14926784]","[0, 0, 0, 0, 0, 0, 0, 0, 0, 0, 0, 0, 0, 0, 0, 0, 0, 0, 0, 0, 0, 0, 0, 0, 0, 0, 0, 0, 0, 0, 0, 0, 0, 0, 0, 0, 0, 0, 0, 0]","[0, 0, 0, 0, 0, 0, 0, 0, 0, 0]",8949026
False,5,"[6.65625, 6.1875, 6.0, 5.78125, 5.65625, 5.5625, 5.46875, 5.375, 5.3125, 5.21875, 5.125, 5.15625, 5.03125, 4.90625, 4.875, 4.84375, 4.84375, 4.78125, 4.8125, 4.75, 4.65625, 4.6875, 4.65625, 4.65625, 4.59375, 4.59375, 4.53125, 4.5, 4.59375, 4.40625, 4.4375, 4.4375, 4.59375, 4.4375, 4.34375, 4.34375, 4.3125, 4.28125, 4.3125, 4.4375]","[0.17421700060367584, 0.1879194676876068, 0.2020413875579834, 0.2110598385334015, 0.21112975478172302, 0.21759647130966187, 0.2244826704263687, 0.2321029156446457, 0.2337108552455902, 0.24080677330493927, 0.25234201550483704, 0.24454697966575623, 0.2562919557094574, 0.2613859474658966, 0.26450392603874207, 0.26212164759635925, 0.26566004753112793, 0.2694787085056305, 0.27123039960861206, 0.27308717370033264, 0.27671030163764954, 0.27551379799842834, 0.2793496549129486, 0.27667510509490967, 0.2833966910839081, 0.2814611494541168, 0.28639912605285645, 0.2874644696712494, 0.2774147689342499, 0.296768456697464, 0.2975142002105713, 0.29989346861839294, 0.28316694498062134, 0.30168548226356506, 0.3031684160232544, 0.30277055501937866, 0.29998552799224854, 0.31224682927131653, 0.306206613779068, 0.30027487874031067]","[5.609650135040283, 5.273426055908203, 4.999351501464844, 4.7886810302734375, 4.685855388641357, 4.54184103012085, 4.537116050720215, 4.441011428833008, 4.3457746505737305, 4.235723972320557]","[0.2246093451976776, 0.24061203002929688, 0.2572266161441803, 0.26964840292930603, 0.27802732586860657, 0.2901822626590729, 0.2899414896965027, 0.2969532310962677, 0.30399733781814575, 0.3147200047969818]","[273.0476989746094, 195.08251953125, 148.31646728515625, 120.14242553710938, 108.40263366699219, 93.86317443847656, 93.42071533203125, 84.86048889160156, 77.15156555175781, 69.11150360107422]","[10, 20, 30, 40, 60, 70, 80, 90, 110, 120, 130, 140, 160, 170, 180, 190, 210, 220, 230, 240, 260, 270, 280, 290, 310, 320, 330, 340, 360, 370, 380, 390, 410, 420, 430, 440, 460, 470, 480, 490]","[50, 100, 150, 200, 250, 300, 350, 400, 450, 500]","[314688, 600768, 886848, 1172928, 1745088, 2031168, 2317248, 2603328, 3175488, 3461568, 3747648, 4033728, 4605888, 4891328, 5176768, 5462208, 6033088, 6318528, 6603968, 6889408, 7457728, 7741888, 8026048, 8310208, 8878528, 9162688, 9444288, 9725888, 10289088, 10570688, 10852288, 11133888, 11691968, 11968448, 12244928, 12521408, 13074368, 13378496, 13820864, 14290880]","[1430400, 2860800, 4291200, 5719104, 7145152, 8565952, 9979328, 11387328, 12770240, 14705600]","[0, 0, 0, 0, 0, 0, 0, 0, 0, 0, 0, 0, 0, 0, 0, 0, 0, 0, 0, 0, 0, 0, 0, 0, 0, 0, 0, 0, 0, 0, 0, 0, 0, 0, 0, 0, 0, 0, 0, 0]","[0, 0, 0, 0, 0, 0, 0, 0, 0, 0]",8949027
False,6,"[6.59375, 6.15625, 5.96875, 5.84375, 5.59375, 5.53125, 5.46875, 5.3125, 5.21875, 5.21875, 5.15625, 5.125, 5.03125, 5.0, 4.96875, 4.90625, 4.8125, 4.71875, 4.75, 4.75, 4.6875, 4.75, 4.6875, 4.6875, 4.53125, 4.53125, 4.5, 4.46875, 4.40625, 4.5, 4.375, 4.625, 4.46875, 4.53125, 4.5, 4.40625, 4.5, 4.4375, 4.46875, 4.375]","[0.1756851226091385, 0.18812920153141022, 0.1987905502319336, 0.20298518240451813, 0.22098714113235474, 0.2240632027387619, 0.22836269438266754, 0.24101650714874268, 0.2438129186630249, 0.24161073565483093, 0.24671420454978943, 0.247168630361557, 0.25527825951576233, 0.2581278085708618, 0.2516115605831146, 0.2615611255168915, 0.26608043909072876, 0.2793582081794739, 0.2750140130519867, 0.27161577343940735, 0.2776604890823364, 0.26759573817253113, 0.2788569927215576, 0.2754434049129486, 0.28427648544311523, 0.2902238368988037, 0.28732243180274963, 0.2917613685131073, 0.29857954382896423, 0.29318180680274963, 0.30202412605285645, 0.2826349437236786, 0.2945963442325592, 0.2889539897441864, 0.2981770932674408, 0.2986111044883728, 0.28761574625968933, 0.30016636848449707, 0.29792389273643494, 0.3111979067325592]","[5.69972562789917, 5.349312782287598, 4.99059534072876, 4.754095554351807, 4.6529717445373535, 4.582829475402832, 4.567329406738281, 4.389236927032471, 4.346578598022461, 4.240222454071045]","[0.22118495404720306, 0.23121748864650726, 0.2573632299900055, 0.2763606607913971, 0.2830207645893097, 0.2877473831176758, 0.28774091601371765, 0.2983529567718506, 0.3062826097011566, 0.3174284100532532]","[298.7843017578125, 210.462890625, 147.02345275878906, 116.05828094482422, 104.89593505859375, 97.79041290283203, 96.28633880615234, 80.57868194580078, 77.21361541748047, 69.42310333251953]","[10, 20, 30, 40, 60, 70, 80, 90, 110, 120, 130, 140, 160, 170, 180, 190, 210, 220, 230, 240, 260, 270, 280, 290, 310, 320, 330, 340, 360, 370, 380, 390, 410, 420, 430, 440, 460, 470, 480, 490]","[50, 100, 150, 200, 250, 300, 350, 400, 450, 500]","[314688, 600768, 886848, 1172928, 1745088, 2031168, 2317248, 2603328, 3175488, 3461568, 3747648, 4033728, 4605888, 4891328, 5176768, 5462208, 6033088, 6318528, 6603968, 6889408, 7457728, 7741888, 8026048, 8310208, 8878528, 9162688, 9444288, 9725888, 10289088, 10570688, 10852288, 11133888, 11691968, 11968448, 12244928, 12521408, 13074368, 13350848, 13627328, 14069696]","[1430400, 2860800, 4291200, 5719104, 7145152, 8565952, 9979328, 11387328, 12770240, 14512064]","[0, 0, 0, 0, 0, 0, 0, 0, 0, 0, 0, 0, 0, 0, 0, 0, 0, 0, 0, 0, 0, 0, 0, 0, 0, 0, 0, 0, 0, 0, 0, 0, 0, 0, 0, 0, 0, 0, 0, 0]","[0, 0, 0, 0, 0, 0, 0, 0, 0, 0]",8949028
False,7,"[6.625, 6.1875, 5.9375, 5.8125, 5.5625, 5.5625, 5.4375, 5.40625, 5.28125, 5.25, 5.21875, 5.0625, 5.03125, 5.03125, 4.96875, 4.90625, 4.875, 4.84375, 4.8125, 4.71875, 4.71875, 4.65625, 4.53125, 4.6875, 4.65625, 4.59375, 4.625, 4.59375, 4.5625, 4.5625, 4.4375, 4.53125, 4.5, 4.4375, 4.375, 4.5625, 4.4375, 4.375, 4.46875, 4.34375]","[0.17348293960094452, 0.19008669257164001, 0.20113255083560944, 0.2065855711698532, 0.21913450956344604, 0.21672259271144867, 0.2249370813369751, 0.23357102274894714, 0.23399049043655396, 0.23748601973056793, 0.23755593597888947, 0.2517127990722656, 0.25496363639831543, 0.25847816467285156, 0.2590036690235138, 0.25886350870132446, 0.25914379954338074, 0.26478421688079834, 0.2727368474006653, 0.2751191258430481, 0.2769918441772461, 0.2755841910839081, 0.2892736494541168, 0.2775548994541168, 0.2786458432674408, 0.2845931947231293, 0.2837357819080353, 0.2816050946712494, 0.29002130031585693, 0.2902698814868927, 0.29495736956596375, 0.28931108117103577, 0.29235386848449707, 0.29962384700775146, 0.3033854067325592, 0.28859230875968933, 0.2957899272441864, 0.29072627425193787, 0.29419848322868347, 0.30570024251937866]","[5.624133110046387, 5.219550609588623, 4.9432501792907715, 4.769837379455566, 4.669266700744629, 4.56475830078125, 4.5401458740234375, 4.510626316070557, 4.460413932800293, 4.327502727508545]","[0.22648435831069946, 0.24379557371139526, 0.26024743914604187, 0.275065153837204, 0.2806445062160492, 0.2895051836967468, 0.29125651717185974, 0.2917904257774353, 0.295696496963501, 0.3069140315055847]","[277.031005859375, 184.85047912597656, 140.22482299804688, 117.89970397949219, 106.61920928955078, 96.03909301757812, 93.70419311523438, 90.978515625, 86.5230712890625, 75.7546615600586]","[10, 20, 30, 40, 60, 70, 80, 90, 110, 120, 130, 140, 160, 170, 180, 190, 210, 220, 230, 240, 260, 270, 280, 290, 310, 320, 330, 340, 360, 370, 380, 390, 410, 420, 430, 440, 460, 470, 480, 490]","[50, 100, 150, 200, 250, 300, 350, 400, 450, 500]","[314688, 600768, 886848, 1172928, 1745088, 2031168, 2317248, 2603328, 3175488, 3461568, 3747648, 4033728, 4605888, 4891328, 5176768, 5462208, 6033088, 6318528, 6603968, 6889408, 7457728, 7741888, 8026048, 8310208, 8878528, 9162688, 9444288, 9725888, 10289088, 10570688, 10852288, 11133888, 11691968, 11968448, 12244928, 12521408, 13074368, 13350848, 13654976, 14042048]","[1430400, 2860800, 4291200, 5719104, 7145152, 8565952, 9979328, 11387328, 12770240, 14539712]","[0, 0, 0, 0, 0, 0, 0, 0, 0, 0, 0, 0, 0, 0, 0, 0, 0, 0, 0, 0, 0, 0, 0, 0, 0, 0, 0, 0, 0, 0, 0, 0, 0, 0, 0, 0, 0, 0, 0, 0]","[0, 0, 0, 0, 0, 0, 0, 0, 0, 0]",8949029
False,8,"[6.65625, 6.1875, 5.90625, 5.84375, 5.65625, 5.53125, 5.5, 5.375, 5.25, 5.15625, 5.15625, 5.03125, 5.0, 4.9375, 4.90625, 4.90625, 4.8125, 4.9375, 4.84375, 4.6875, 4.6875, 4.6875, 4.625, 4.6875, 4.5625, 4.59375, 4.625, 4.53125, 4.65625, 4.53125, 4.46875, 4.5, 4.375, 4.3125, 4.46875, 4.375, 4.40625, 4.3125, 4.4375, 4.46875]","[0.17613954842090607, 0.18942253291606903, 0.21011605858802795, 0.20274049043655396, 0.2157088965177536, 0.22165128588676453, 0.22088226675987244, 0.2267897129058838, 0.2375209778547287, 0.2466443032026291, 0.24646952748298645, 0.25415968894958496, 0.25013983249664307, 0.25865331292152405, 0.2643637955188751, 0.258688360452652, 0.26467910408973694, 0.2591788172721863, 0.26082539558410645, 0.28033915162086487, 0.2743876874446869, 0.27442285418510437, 0.2806517481803894, 0.280757337808609, 0.2871973514556885, 0.278751403093338, 0.2817116379737854, 0.2872158885002136, 0.2752130627632141, 0.2937855124473572, 0.2959161698818207, 0.28874289989471436, 0.29105180501937866, 0.3060981035232544, 0.29018375277519226, 0.307183176279068, 0.3033854067325592, 0.29955151677131653, 0.30345776677131653, 0.29206451773643494]","[5.638538837432861, 5.236953258514404, 4.912249565124512, 4.738382339477539, 4.641617774963379, 4.60928201675415, 4.515746116638184, 4.510941028594971, 4.4148969650268555, 4.2622785568237305]","[0.2217904031276703, 0.24583986401557922, 0.2617577910423279, 0.2749674618244171, 0.28132164478302, 0.2834830582141876, 0.2863411605358124, 0.2915625274181366, 0.3008723258972168, 0.31264978647232056]","[281.0507507324219, 188.0955047607422, 135.9444580078125, 114.24888610839844, 103.71168518066406, 100.41172790527344, 91.44550323486328, 91.00715637207031, 82.67308807373047, 70.9713134765625]","[10, 20, 30, 40, 60, 70, 80, 90, 110, 120, 130, 140, 160, 170, 180, 190, 210, 220, 230, 240, 260, 270, 280, 290, 310, 320, 330, 340, 360, 370, 380, 390, 410, 420, 430, 440, 460, 470, 480, 490]","[50, 100, 150, 200, 250, 300, 350, 400, 450, 500]","[314688, 600768, 886848, 1172928, 1745088, 2031168, 2317248, 2603328, 3175488, 3461568, 3747648, 4033728, 4605888, 4891328, 5176768, 5462208, 6033088, 6318528, 6603968, 6889408, 7457728, 7741888, 8026048, 8310208, 8878528, 9162688, 9444288, 9725888, 10289088, 10570688, 10852288, 11133888, 11691968, 11968448, 12244928, 12521408, 13074368, 13378496, 13710272, 14152640]","[1430400, 2860800, 4291200, 5719104, 7145152, 8565952, 9979328, 11387328, 12770240, 14650304]","[0, 0, 0, 0, 0, 0, 0, 0, 0, 0, 0, 0, 0, 0, 0, 0, 0, 0, 0, 0, 0, 0, 0, 0, 0, 0, 0, 0, 0, 0, 0, 0, 0, 0, 0, 0, 0, 0, 0, 0]","[0, 0, 0, 0, 0, 0, 0, 0, 0, 0]",8949030
False,9,"[6.5625, 6.1875, 5.96875, 5.78125, 5.625, 5.5625, 5.46875, 5.34375, 5.3125, 5.21875, 5.1875, 5.125, 5.0, 4.90625, 4.9375, 4.90625, 4.84375, 4.8125, 4.84375, 4.75, 4.5625, 4.6875, 4.6875, 4.625, 4.6875, 4.53125, 4.75, 4.65625, 4.5, 4.59375, 4.4375, 4.65625, 4.375, 4.5, 4.4375, 4.21875, 4.5, 4.3125, 4.4375, 4.28125]","[0.18061381578445435, 0.1870805323123932, 0.19826622307300568, 0.21238814294338226, 0.21913450956344604, 0.22249020636081696, 0.22259508073329926, 0.23248741030693054, 0.2354586124420166, 0.239793062210083, 0.23905900120735168, 0.24667924642562866, 0.2543344497680664, 0.2608604431152344, 0.25676149129867554, 0.2631726562976837, 0.2660103738307953, 0.26744675636291504, 0.267586886882782, 0.2747337520122528, 0.28769004344940186, 0.2749859392642975, 0.2740357518196106, 0.2824465036392212, 0.2742469012737274, 0.29029420018196106, 0.27581673860549927, 0.2824573814868927, 0.29243606328964233, 0.2829190194606781, 0.294815331697464, 0.27588778734207153, 0.29810473322868347, 0.29304108023643494, 0.2994791567325592, 0.32067418098449707, 0.29267939925193787, 0.30320456624031067, 0.29293256998062134, 0.3115234375]","[5.673748970031738, 5.20241117477417, 4.9933977127075195, 4.766319751739502, 4.590743541717529, 4.619673728942871, 4.5328168869018555, 4.417035102844238, 4.426517486572266, 4.317967891693115]","[0.22112630307674408, 0.24520188570022583, 0.25744789838790894, 0.2707616686820984, 0.28539708256721497, 0.28257817029953003, 0.2916145622730255, 0.2990038990974426, 0.2996028959751129, 0.3101626932621002]","[291.1228332519531, 181.70924377441406, 147.43605041503906, 117.48571014404297, 98.56739807128906, 101.46061706542969, 93.01994323730469, 82.85004425048828, 83.63939666748047, 75.03578186035156]","[10, 20, 30, 40, 60, 70, 80, 90, 110, 120, 130, 140, 160, 170, 180, 190, 210, 220, 230, 240, 260, 270, 280, 290, 310, 320, 330, 340, 360, 370, 380, 390, 410, 420, 430, 440, 460, 470, 480, 490]","[50, 100, 150, 200, 250, 300, 350, 400, 450, 500]","[314688, 600768, 886848, 1172928, 1745088, 2031168, 2317248, 2603328, 3175488, 3461568, 3747648, 4033728, 4605888, 4891328, 5176768, 5462208, 6033088, 6318528, 6603968, 6889408, 7457728, 7741888, 8026048, 8310208, 8878528, 9162688, 9444288, 9725888, 10289088, 10570688, 10852288, 11133888, 11691968, 11968448, 12244928, 12521408, 13074368, 13350848, 13682624, 14069696]","[1430400, 2860800, 4291200, 5719104, 7145152, 8565952, 9979328, 11387328, 12770240, 14484416]","[0, 0, 0, 0, 0, 0, 0, 0, 0, 0, 0, 0, 0, 0, 0, 0, 0, 0, 0, 0, 0, 0, 0, 0, 0, 0, 0, 0, 0, 0, 0, 0, 0, 0, 0, 0, 0, 0, 0, 0]","[0, 0, 0, 0, 0, 0, 0, 0, 0, 0]",8949031
False,10,"[6.6875, 6.125, 5.90625, 5.84375, 5.65625, 5.59375, 5.46875, 5.40625, 5.25, 5.15625, 5.09375, 5.125, 5.0, 4.9375, 4.9375, 4.90625, 4.78125, 4.8125, 4.8125, 4.75, 4.71875, 4.625, 4.625, 4.625, 4.59375, 4.5625, 4.5625, 4.59375, 4.53125, 4.46875, 4.53125, 4.53125, 4.53125, 4.625, 4.4375, 4.5, 4.40625, 4.40625, 4.40625, 4.28125]","[0.17344798147678375, 0.19567953050136566, 0.20546700060367584, 0.2075643241405487, 0.21612834930419922, 0.21909955143928528, 0.2264401614665985, 0.22640520334243774, 0.23584312200546265, 0.24877656996250153, 0.2523769438266754, 0.24751818180084229, 0.25328579545021057, 0.26467910408973694, 0.25686660408973694, 0.25903868675231934, 0.27182596921920776, 0.26527467370033264, 0.2630325257778168, 0.27301710844039917, 0.2722409963607788, 0.2820594012737274, 0.2775548994541168, 0.2762880027294159, 0.2805461883544922, 0.2864231467247009, 0.29041191935539246, 0.2818181812763214, 0.28565341234207153, 0.2939985692501068, 0.2917613685131073, 0.28835225105285645, 0.2913411557674408, 0.2742694020271301, 0.2940538227558136, 0.28826677799224854, 0.29962384700775146, 0.29756221175193787, 0.29521122574806213, 0.31224682927131653]","[5.671265602111816, 5.259620666503906, 4.903102397918701, 4.788302421569824, 4.654717445373535, 4.504244804382324, 4.499659061431885, 4.413433074951172, 4.476256847381592, 4.253182411193848]","[0.21999342739582062, 0.2424219399690628, 0.26343104243278503, 0.26972004771232605, 0.28059250116348267, 0.290260374546051, 0.29059895873069763, 0.30194008350372314, 0.29315757751464844, 0.31384116411209106]","[290.4007873535156, 192.4078369140625, 134.7066192626953, 120.09695434570312, 105.07920837402344, 90.39978790283203, 89.9861831665039, 82.55215454101562, 87.9047622680664, 70.32868194580078]","[10, 20, 30, 40, 60, 70, 80, 90, 110, 120, 130, 140, 160, 170, 180, 190, 210, 220, 230, 240, 260, 270, 280, 290, 310, 320, 330, 340, 360, 370, 380, 390, 410, 420, 430, 440, 460, 470, 480, 490]","[50, 100, 150, 200, 250, 300, 350, 400, 450, 500]","[314688, 600768, 886848, 1172928, 1745088, 2031168, 2317248, 2603328, 3175488, 3461568, 3747648, 4033728, 4605888, 4891328, 5176768, 5462208, 6033088, 6318528, 6603968, 6889408, 7457728, 7741888, 8026048, 8310208, 8878528, 9162688, 9444288, 9725888, 10289088, 10570688, 10852288, 11133888, 11691968, 11968448, 12244928, 12521408, 13074368, 13378496, 13820864, 14263232]","[1430400, 2860800, 4291200, 5719104, 7145152, 8565952, 9979328, 11387328, 12770240, 14705600]","[0, 0, 0, 0, 0, 0, 0, 0, 0, 0, 0, 0, 0, 0, 0, 0, 0, 0, 0, 0, 0, 0, 0, 0, 0, 0, 0, 0, 0, 0, 0, 0, 0, 0, 0, 0, 0, 0, 0, 0]","[0, 0, 0, 0, 0, 0, 0, 0, 0, 0]",8949032
